﻿<newsletter id='daily'>

	<descriptions>
		<admin><![CDATA[<?php _e('Daily', MP_TXTDOM); ?>]]></admin>
		<blog><![CDATA[<?php  _e('Daily newsletter', MP_TXTDOM); ?>]]></blog>
	</descriptions>

	<mail>
		<Template>daily</Template>
		<subject><![CDATA[<?php printf( __('[%1$s] Daily newsletter', MP_TXTDOM), get_bloginfo('name')); ?>]]></subject>
		<the_post_types><![CDATA[<?php echo $_post_type->labels->name; ?>]]></the_post_types>
		<the_post_type><![CDATA[<?php echo $_post_type->labels->singular_name; ?>]]></the_post_type>
	</mail>

	<processor>
		<id>day-1</id>
		<threshold>MailPress_daily</threshold><!-- stored on wordpress options table -->
		<args>            <!-- start of the day -->
			<hour>00</hour>		<!-- [00 to 23] -->
			<minute>00</minute>	<!-- [00 to 59] -->
		</args>
	</processor>

	<scheduler>
		<id>day</id>
		<args>            <!-- release the newsletter -->
			<hour>00</hour>		<!-- [00 to 23] -->
			<minute>00</minute>	<!-- [00 to 59] -->
		</args>
	</scheduler>

</newsletter>